notebook_name,model,files
30BRP-X 정비매뉴얼(예시),30BRP-X,30BRP-X_Service_Manual_예시.pdf
DEMO-25D 정비매뉴얼(예시),DEMO-25D,DEMO-25D_Service_Manual_예시.pdf
DEMO-50E 정비매뉴얼(예시),DEMO-50E,
15/18/20/23BRP-9,15BRP-9,BRP-9_OM.pdf; BRP-9_SM
15/18/20/23BRP-9,18BRP-9,BRP-9_OM.pdf; BRP-9_SM
15/18/20/23BRP-9,20BRP-9,BRP-9_OM.pdf; BRP-9_SM
15/18/20/23BRP-9,23BRP-9,BRP-9_OM.pdf; BRP-9_SM
15/18/20/23BRP-X,15BRP-X,15BRP-X SM_EXP.pdf; 15182023BRP-X OM
15/18/20/23BRP-X,18BRP-X,15BRP-X SM_EXP.pdf; 15182023BRP-X OM
15/18/20/23BRP-X,20BRP-X,15BRP-X SM_EXP.pdf; 15182023BRP-X OM
15/18/20/23BRP-X,23BRP-X,15BRP-X SM_EXP.pdf; 15182023BRP-X OM
100D-9V,100D-9V,100D-9V OM EXP.pdf; 100D-9V SM ENG
25/30/35DE-7,25DE-7,253035DE-7 OM; 253035DE-7 SM
25/30/35DE-7,30DE-7,253035DE-7 OM; 253035DE-7 SM
25/30/35DE-7,35DE-7,253035DE-7 OM; 253035DE-7 SM
25/30/35LE-7,25LE-7,253035LE-7 OM; 253035LE-7 SM
25/30/35LE-7,30LE-7,253035LE-7 OM; 253035LE-7 SM
25/30/35LE-7,35LE-7,253035LE-7 OM; 253035LE-7 SM